id,first_name,last_name,draft_slot,years_pro,height,weight,status,position,size,strength,intelligence,shot_skill,shot_selection,endurance,agility,handle,speed,energy,health,determination,luck,charisma,ego,cohesion,verticality,wingspan,composure,aggression,awareness
54eb6f9f-93de-4202-b8ee-d92ee6509da5,Ben,Eckell,,6,6-1,212,STARTER,PG,8,5,9,7,12,5,9,17,9,8,4,6,4,9,10,12,7,8,8,7,10
ea935053-700c-4ac7-9f4b-ae52263e7c1c,Charles,Macmillan,20,5,6-10,265,STARTER,C,13,12,9,9,10,11,9,8,13,13,12,9,9,9,12,10,11,12,9,11,9
eec2577c-d938-45a4-961f-9f1a418bee8a,Chris,Rocker,,11,6-9,250,ROTATION,PF,12,12,9,11,12,4,9,12,6,12,9,12,7,9,8,13,11,11,9,11,10
8352df76-5ccd-48b9-a6f1-7fc2d72260aa,David,justice,14,8,6-7,223,ROTATION,SF,8,9,11,9,6,3,9,10,11,8,9,9,7,9,12,8,8,8,7,9,8
c2579041-0323-4464-b1ef-c61c049276b0,Frode,Anderson,,2,6-7,248,STARTER,PF,14,15,9,13,8,12,9,6,11,8,14,11,11,9,8,8,10,11,10,9,8
2f387cfc-e63a-4a3c-a4ec-b7f4d60f8d90,Glenn,Boreland,,9,6-3,228,ROTATION,BG,8,9,11,9,12,10,9,8,11,10,12,9,12,12,8,13,9,8,10,9,11
d3635f4d-b0d3-45bd-a388-abd3e6905b61,Jalen,Wilson,,3,6-7,247,STARTER,SF,12,10,12,11,12,10,14,10,13,10,12,11,14,11,10,13,11,12,11,10,14
bc89537d-1e11-4f56-bad5-bbd7332b210e,Joe,Dimecurio,,0,6-3,222,BENCH,PG,8,10,12,9,10,10,9,14,9,8,12,11,11,12,10,8,8,8,10,9,12
16d4be53-04a8-45c3-9fc8-02dca658957e,JR,Reid,,1,7-0,248,ROTATION,C,12,10,11,9,6,7,11,8,9,6,9,6,1,7,16,5,8,10,7,8,8
34d14b25-8643-4f82-a922-7409a6575155,Kurt,Gibson,,4,6-9,232,STARTER,F,11,13,14,13,10,13,13,10,13,13,14,12,11,11,10,13,14,12,13,12,14
1d286036-35cd-481d-807b-6e9538b09b33,Nijhuad,ElKamin,6,7,6-4,204,ROTATION,PG,4,5,11,9,10,7,9,20,15,8,9,9,5,7,12,3,7,6,9,9,10
330eb324-3382-4fca-b20e-2b4c7e278047,Adrian,Mcpherson,,3,6-8,234,ROTATION,F,8,14,9,9,8,13,11,10,9,12,14,12,9,9,8,12,12,9,10,11,8
ae397349-c62a-49f2-a0a5-d133bd7a8418,Joe,Jackson,,9,6-7,217,STARTER,PG,6,5,11,14,6,7,6,14,11,8,6,9,9,11,14,14,6,6,8,9,8
34bddf7f-0ec8-4478-83b0-74325b07c148,John,Franco,,7,6-6,246,STARTER,PF,12,12,12,14,14,11,6,8,4,8,11,14,7,9,10,8,8,9,13,10,14
1af33366-2b62-4f72-bb06-7c139e4e7c2c,John,Mcnamara,3,11,7-2,284,ROTATION,C,16,15,12,11,12,11,4,6,1,10,9,11,11,9,10,8,9,11,11,10,13
1d6bb3d1-a588-4610-8e51-00d18df3ee9d,Levon,Guyton,,5,6-6,228,STARTER,BG,8,7,9,13,14,9,11,13,15,8,11,11,11,11,14,10,8,8,10,10,11
e4b6bf83-7a4a-4d04-a1d6-ddff6655c415,Logan,Reinhold,,10,6-5,242,STARTER,F,9,13,20,14,20,13,16,14,16,12,14,15,14,14,14,12,14,11,19,13,20
ddcadc5f-7ccd-4145-9e4d-3c19d2553cbb,Mark,Grant,,5,6-6,226,BENCH,BG,8,9,11,2,8,11,13,10,11,12,12,11,1,9,7,8,11,10,10,10,10
82b5c6a5-9bdb-4006-b5d0-b7408de8ed0b,Miki,Moore,,8,6-11,247,STARTER,FC,13,13,11,13,10,13,16,8,14,17,12,12,12,15,10,10,16,14,11,13,11
26743986-f7cd-4f5b-8056-b05cf3cb8a21,Nick,Preston,,5,6-4,227,ROTATION,BG,8,7,9,11,10,6,6,10,6,6,4,9,14,11,12,10,6,7,8,8,9
783915f4-f803-4012-ae5b-6d9ac264982b,Scott,McQueen,,4,6-5,224,ROTATION,CG,9,10,14,7,10,10,6,13,6,8,11,12,11,12,7,14,8,8,12,9,13
c4e146e8-4ad6-4044-8356-1a157b22c8a0,Amari,Dantley,36,0,6-5,228,STARTER,F,8,9,12,15,8,9,11,12,14,8,12,9,9,9,14,13,9,8,9,9,11
d067b542-b804-45fa-9a16-65cd25bb27ef,Antonio,London,,5,6-5,235,ROTATION,F,11,12,6,7,8,11,13,8,9,13,9,11,7,7,10,12,12,12,9,11,8
e6d49a38-cf06-4488-b9e4-91004e3fe301,Brian,Jordan,,6,6-6,231,STARTER,PF,11,10,12,13,10,10,11,8,9,13,14,6,9,11,14,8,11,11,9,10,12
9e79f2c2-52f5-4d9c-8ab5-d09d0ffeed23,Eddie,Bender,40,3,6-3,219,STARTER,CG,6,9,11,14,14,13,14,14,19,13,14,16,15,15,14,10,12,9,13,14,13
aba34bfd-201e-48fc-ba3a-a5cdd00176a5,Haven,Moses,,1,6-3,198,STARTER,PG,1,5,9,9,8,7,9,16,20,6,11,9,5,7,14,8,6,4,8,8,8
77a1eb51-5f6f-4ddb-83bf-d9bdf5440972,Kaleel,Hodges,13,6,6-5,234,BENCH,F,9,12,6,4,12,10,11,10,11,12,11,6,4,9,8,8,11,10,8,8,9
961923b0-139a-4ec1-9156-8189e4460e77,Ken,Drake,24,7,6-6,212,ROTATION,BG,6,7,11,13,12,6,4,12,9,3,6,9,15,13,14,8,4,4,9,7,11
a21b58f9-1b86-4781-bf1b-a06876cda5d9,Leroy,Sammis,,9,6-9,245,ROTATION,PF,11,10,4,4,8,7,6,8,6,6,9,6,7,4,7,8,7,8,6,6,6
8e28d14c-9c33-4907-819d-be4003db8818,Mike,Scmihdt,,7,6-10,254,BENCH,C,13,10,6,4,6,7,1,6,1,8,6,4,7,4,7,5,6,8,5,6,6
868574b9-293b-474a-a5c0-d432e7029bd0,Orlando,Dare,31,2,6-0,208,ROTATION,PG,1,2,9,9,12,6,9,13,14,8,6,11,7,9,10,5,6,4,9,9,10
afff01a2-f8b7-43d8-bf90-ce26dd8a7210,Tyrone,Holyfield,13,5,7-0,245,STARTER,C,13,13,6,4,1,9,11,8,9,8,6,9,4,4,5,5,10,11,6,7,3
ca7f7718-f46f-4d79-aac8-7e2c283e127c,Allen,Pearcy,,9,6-7,209,STARTER,PG,4,5,17,14,17,12,11,16,18,15,12,16,7,16,12,13,11,8,17,14,18
c65a1d64-32f5-4495-8abf-d62401a99ab4,Charles,Saban,,10,6-7,249,STARTER,F,11,7,11,9,10,11,6,8,9,17,9,11,4,7,7,10,11,11,10,12,10
0391753e-a31a-49ac-816a-ff474ab55323,David,Vaught,,9,6-8,249,STARTER,FC,13,12,9,11,6,11,11,6,9,12,11,9,7,9,7,8,11,12,8,9,7
59373756-ba9a-458d-85ed-c12ea4c1f71d,Emeka,Okafaar,,3,6-8,260,BENCH,C,14,15,4,4,3,12,9,1,6,12,11,12,7,7,8,5,12,12,7,11,3
7e484d6d-213c-4fc9-88b9-5a20482578ba,Kelly,Worthington,,4,6-5,225,STARTER,SF,9,12,14,7,12,13,14,8,11,17,12,12,11,11,5,13,15,12,13,12,15
08d3ec9a-3d61-483f-9bc1-942196927247,Larry,Sargent,,0,6-10,236,BENCH,PF,9,12,4,4,6,10,11,6,9,13,9,6,5,4,7,8,12,10,6,9,5
a5c9c4fe-0285-4673-bce2-8652c68ea74b,Mike,Mcready,,7,5-11,217,ROTATION,PG,4,5,14,7,10,7,6,14,9,6,6,12,11,9,7,10,5,5,11,8,13
78cdbd17-abec-48c2-a5e3-1d72291b7f63,Nhazir,Khamin,,8,6-7,247,ROTATION,PF,12,13,9,7,6,12,14,6,9,13,14,11,7,9,5,12,14,12,9,10,8
3fa400e2-15bf-4b0c-8119-ee9db747c1cd,Peter,Tosh,,2,6-11,262,STARTER,C,14,19,14,11,10,16,13,6,11,15,16,17,12,15,7,17,17,14,16,14,14
9d83a12a-0cd0-4d2c-baa7-5e1e9a75208d,Reggie,Clayton,,3,6-7,236,ROTATION,SF,9,9,6,13,3,8,11,10,9,8,9,6,12,9,12,8,9,9,5,8,4
5869b59a-640b-4c14-b5ad-9fe7dabd6dd1,Tyrone,Hill,,1,6-6,219,ROTATION,BG,9,9,9,7,8,10,14,12,11,12,11,11,7,12,8,10,11,11,9,10,9
85ca7e7b-c76c-41b9-b07f-fd1d49536de3,Gilbert,Chong,,2,6-3,219,ROTATION,CG,4,1,16,9,12,7,4,16,9,6,11,12,11,11,7,13,4,4,12,8,15
51d2cbe9-7c1e-43b7-b88b-4fe786147339,Gregg,Vaughn,,5,6-4,223,ROTATION,BG,6,7,9,11,8,8,11,10,13,8,11,9,9,9,10,10,8,7,8,8,8
29921482-80d4-49e1-a1f4-fe74c0efe999,Josh,Carter,,7,6-4,228,STARTER,BG,12,10,11,13,12,15,18,12,13,18,18,16,9,11,7,10,16,15,13,15,12
65641944-f793-4ecf-9d9a-9df08633632c,Kaualana,Amaya,,6,6-11,303,STARTER,C,20,20,11,9,8,13,9,6,11,12,11,12,12,14,5,8,13,15,11,10,9
e54c6d0b-dd46-4b25-9563-c48bad481b5b,Lee,Oswald,37,5,6-5,226,ROTATION,F,6,10,11,11,8,7,9,10,6,6,4,9,14,7,14,5,7,6,8,8,9
edda4630-e632-4b4e-bc94-704c390f6be8,Len,Simpka,19,2,6-5,224,BENCH,F,8,10,9,9,8,7,6,6,6,8,9,4,7,4,10,5,8,7,7,6,8
da90e97b-3c2f-4e75-9bcd-eecb3b3bbb71,Morris,Chestnut,,5,6-8,234,STARTER,F,9,10,11,9,8,10,13,10,13,12,11,9,7,9,10,8,11,10,9,10,10
84fc817c-b13c-45a1-b1ae-afe9ac7e8635,Paul,Laciga,,3,5-10,208,STARTER,PG,4,5,11,9,8,7,6,14,6,6,9,9,5,11,5,12,5,5,8,7,9
b80a9a5f-6171-4b50-9b3d-adea79b79f0e,Paul,Melvin,,4,6-8,251,STARTER,PF,12,14,6,7,10,14,14,8,13,15,18,9,12,9,5,12,15,13,9,10,9
fcec8fcb-cc15-4bce-ba75-24e9826bc9c7,Roger,Zinke,,1,6-9,251,ROTATION,C,13,15,9,9,8,12,9,10,9,10,11,12,1,13,12,12,11,11,10,11,8
329d686e-ac18-41ed-bfe9-e4e2e3ec9a73,Antoine,Saleh,,10,6-7,242,STARTER,PF,12,9,9,9,8,4,13,6,9,12,14,12,11,9,7,10,11,12,8,11,9
362c9eac-055b-4b69-94a0-6162792ccf26,Brian,Vedrode,,9,6-2,226,ROTATION,PG,8,7,11,4,14,11,9,13,14,12,12,15,9,9,8,14,10,9,12,12,12
31be7e9f-e4b2-423e-9872-62fdf75fd90e,Charlie,Bell,33,8,6-0,224,STARTER,PG,8,10,18,14,18,12,11,13,13,12,11,17,16,16,10,13,11,9,18,13,19
49c04db7-e3eb-4d4b-866e-13f3725a0d7e,Dino,Rydek,21,4,6-11,247,ROTATION,PF,12,12,6,7,8,11,11,8,11,10,14,11,11,7,8,5,10,11,9,10,7
b4115205-8256-43b0-9f19-76e01bf895f7,Jean,Marcolonis,,7,6-8,244,STARTER,F,9,14,17,15,19,12,13,12,11,12,12,12,12,11,12,12,13,10,16,12,20
a3cf5a54-5718-4a3f-9ba7-bac0133897ae,John,Van Buren,,0,6-3,227,STARTER,CG,8,9,11,14,17,10,11,10,9,8,12,11,12,11,5,14,9,8,12,8,14
47d66514-fcc7-46de-a519-d6a0981f0a75,John,Winfrey,,2,6-5,213,ROTATION,BG,8,7,9,9,10,7,6,12,11,8,9,6,11,7,10,5,7,7,8,7,9
4593fbfa-3085-469e-9b30-b41174f2ffe9,Richard,Dent,,8,6-10,262,BENCH,C,12,13,11,7,8,10,9,3,6,8,11,9,7,9,8,10,9,10,9,8,9
1bd3a7ac-3130-4d33-8e37-cb8a8fdb58a6,Terry,Newbyrn,,6,6-7,243,BENCH,SF,9,7,9,9,6,9,11,10,13,8,11,11,7,11,8,5,8,9,8,9,7
021f38fc-2c8d-4412-bb89-8eec112ed294,William,Andrews,,11,6-10,267,STARTER,C,16,12,6,7,6,3,6,6,9,8,12,9,5,7,7,10,8,11,6,8,6
2fa03bb5-5b98-4030-8f9b-7bb4ae1081fe,Boutros,Sali,23,1,6-10,240,ROTATION,FC,13,12,11,9,8,9,4,8,6,6,9,9,12,11,14,8,7,9,9,8,9
5ac442fc-293f-4cc2-92c2-d61999e75a05,Chris,Strickland,,2,6-6,223,BENCH,F,8,9,9,7,10,9,11,12,11,10,9,9,9,9,10,10,10,9,9,9,9
f3a30cef-a716-4663-a3bf-40ba37b7c85d,Dan,Hampton,22,8,7-0,255,STARTER,C,14,15,12,4,8,11,6,8,6,12,6,11,9,9,8,13,11,11,10,10,11
9410588a-0289-40b1-8255-f030eaeab15f,Dana,Shockey,12,8,6-2,224,ROTATION,CG,6,7,12,14,12,6,6,12,11,3,6,11,12,9,14,10,4,5,10,8,13
11af0c88-c714-44b3-9361-78e2948e4bfc,Glenn,Rivers,,11,6-2,222,STARTER,PG,8,10,15,13,12,11,9,16,9,12,11,11,9,14,7,10,10,9,12,10,14
4accf37f-727e-485c-abd4-c1dbbfe7184e,Kevin,Barnyard,,6,6-7,243,STARTER,F,11,13,14,11,12,14,16,12,13,15,16,14,11,13,12,14,15,13,14,14,15
043e4828-a140-4a22-89f8-1553dd36ce4f,Mike,Boyer,7,0,6-0,220,ROTATION,PG,9,7,14,11,12,9,9,13,13,10,11,9,12,12,12,12,9,9,11,10,14
9d27d298-bf0d-4eaa-812e-7813237ae33c,Onis,Clark,,8,6-7,235,ROTATION,SF,9,10,12,11,8,10,11,8,13,10,11,11,9,9,12,10,10,9,10,10,11
2d30b775-cde3-47df-b5fa-e477e8a05653,Rocky,Barry,13,6,6-11,249,STARTER,PF,13,17,12,7,8,14,11,3,9,15,12,14,7,12,7,10,14,13,13,13,11
f3ff9f1e-17bc-437e-a729-edaec1cebcc3,Steve,Lacy,,6,6-7,235,ROTATION,PF,12,14,11,9,10,12,13,10,11,13,12,12,9,11,7,13,14,12,11,11,11
5a69f505-f02f-435b-b697-af86d665e4c3,Tony,Dixon,,4,6-4,216,STARTER,BG,8,7,11,14,10,8,9,12,13,8,11,6,9,9,14,13,8,8,8,8,10
4ec10c6c-91c0-4c1e-91aa-66d50f5ccfe5,Chris,Witherspoon,9,4,6-8,230,STARTER,F,9,10,14,13,14,10,14,10,13,10,12,11,14,12,8,8,11,10,12,10,16
33be3437-7fa1-4966-80e5-2d140172cd75,Cleo,Jones,,10,6-10,255,ROTATION,PF,13,10,9,7,10,3,11,6,9,8,11,14,5,12,8,12,9,11,9,10,9
a26d5013-9d44-4d72-b6f5-0f36ff31c405,Jevon,Kearse,,9,6-4,211,STARTER,BG,8,9,12,15,10,12,14,13,16,13,12,15,20,17,10,15,12,10,13,13,13
b181bb6e-fbf8-43da-b6e6-fd3476169947,Keith,Classen,,9,7-1,273,BENCH,C,14,10,4,7,3,6,4,3,1,6,4,6,5,4,7,5,6,9,4,6,3
24b81df7-a1ff-411f-8098-1f0f7bb77ac5,Ken,Singelton,9,8,7-1,260,STARTER,C,14,13,9,7,6,1,9,3,11,12,9,9,7,7,8,12,11,12,6,10,7
9d6e2a46-8963-4a0c-b4b0-cba5493e9782,Kevin,Pearcy,,0,6-4,216,ROTATION,PG,8,5,14,9,12,7,9,14,17,8,6,9,11,12,12,8,7,8,10,9,14
bd4e978c-305f-4802-92fa-56c0623c6b8b,Kwame,Brown,,3,7-1,259,STARTER,FC,16,15,15,15,15,14,13,10,11,15,14,15,17,17,12,16,16,15,16,14,17
ec30dd31-d5c1-439d-b754-6043d65cbff6,Mark,Hale,,5,6-5,215,STARTER,CG,8,5,9,9,12,9,9,14,9,10,11,11,11,11,7,10,8,8,10,9,10
02cdca74-e5b2-489b-a4b2-def4c302943e,Roy,Jones,,7,6-5,239,ROTATION,SF,9,9,9,11,8,9,13,10,11,10,9,11,9,9,10,8,10,10,9,10,9
1b7f2f92-8790-4199-aa48-3ba472067fa8,Steve,McCrory,,3,6-7,233,ROTATION,F,11,10,11,13,10,11,14,12,11,13,11,12,14,12,14,12,12,12,11,12,11
7dd145ba-6efc-4411-8eb8-293fd75bd0cf,Brendadn,Stai,,8,6-1,216,BENCH,PG,4,5,9,7,10,6,6,13,9,6,9,4,7,7,2,8,5,5,7,4,9
e8ce2601-f4d2-4087-900b-44ef8ac7f75f,Darnell,Williams,,3,6-7,220,BENCH,BG,8,7,4,4,3,5,9,10,9,6,4,4,4,7,10,3,7,7,4,6,3
32738505-f2e2-4eaf-a5cc-ad127b5b0979,Darrell,Walls,32,7,6-7,227,STARTER,BG,9,2,4,7,8,7,6,10,13,8,9,11,5,7,2,12,6,8,7,8,6
f0ddd585-ccb6-4dcb-92d9-aa4bce9a93e7,Eric,Semble,,8,6-4,216,STARTER,CG,8,7,11,11,10,9,9,14,9,10,9,12,9,11,8,13,9,8,10,10,10
a7a6dcb0-f9d6-4417-93ba-529f7a7458ec,Frank,Azumah,,7,6-6,240,STARTER,PF,11,12,6,9,8,12,9,6,6,13,14,9,7,9,8,10,11,11,8,10,7
fc6ee51a-5619-425c-8859-a98e8cbfc871,Ray,Ruddock,,7,6-6,236,ROTATION,SF,8,7,6,7,8,8,11,8,9,10,9,6,5,7,8,8,9,9,7,8,7
abef28d5-167d-4817-9b10-c8d02bdfb2ab,Riz,Fowles,,10,6-10,244,BENCH,FC,12,13,1,4,14,11,11,3,9,12,12,9,3,9,14,8,12,11,8,11,7
30fc7181-0fb6-45ac-b8c9-cf657b188568,Tarik,Saleh,,6,6-9,244,ROTATION,PF,12,7,12,11,10,6,6,8,4,8,6,6,15,9,10,10,7,9,8,7,12
12cc87e0-9c75-42a3-a8dc-e56c40b28e2b,Tim,Jobear,,0,6-10,252,STARTER,C,13,14,11,15,10,11,14,10,16,8,12,12,15,13,10,13,12,12,11,10,11
27e0ed25-abc8-4362-bdcd-edebec8b988b,Trajan,Dradjek,,1,6-7,234,STARTER,F,9,10,14,13,12,11,16,10,13,12,12,11,11,13,7,12,12,11,12,10,15
e1b164f2-c2c5-4e91-a13e-7b6ecece3963,Antron,Seiber,,6,6-9,250,STARTER,PF,13,13,11,11,14,13,14,8,13,13,14,12,9,13,10,12,14,13,12,12,13
f36e7933-b542-4929-9bb6-3da4e570e21e,Bobby,Orr,31,7,6-10,236,STARTER,SF,9,10,12,13,1,11,16,10,11,10,14,12,12,12,8,13,11,11,10,10,8
e88c61e7-f83c-4755-af36-fa7bb88d584e,David,Woodley,38,1,6-9,247,ROTATION,PF,13,13,9,9,10,11,13,8,9,10,12,11,9,9,10,12,12,12,10,10,10
9c019325-8ee6-4d44-a519-56e08da0dd43,Eddie,Griffin,,9,6-4,226,ROTATION,WING,6,9,9,16,8,7,9,13,9,6,4,12,15,12,19,5,7,6,9,11,8
204379f1-0066-4add-9e22-acdf525feb57,Greg,Garcia,35,0,6-1,212,STARTER,PG,4,5,16,11,15,10,11,14,16,10,12,14,12,13,10,15,9,7,14,11,16
dd17f359-7aac-4cd4-ba3b-d5813243affb,Josh,Vitek,16,5,6-10,254,ROTATION,FC,13,9,6,7,6,10,9,8,6,10,11,11,9,9,8,8,9,11,8,10,6
daa37d9d-6c15-46c2-8faf-99ad98c97a39,Karl,McWilliams,2,4,7-2,267,STARTER,C,16,12,9,4,6,10,4,3,9,13,9,9,7,9,8,8,10,12,8,10,7
ac26d188-1db0-4505-9e45-e4bc68e37e91,Ken,Harvey,,2,6-5,237,ROTATION,F,9,12,9,9,8,11,13,10,11,12,11,12,9,11,10,13,12,10,10,11,9
0c94fab2-15f1-40a3-8834-ad0ae8a6c5dd,Ken,Mckinney,27,6,5-11,217,BENCH,PG,4,7,9,11,3,5,6,12,4,6,6,4,9,3,12,5,6,5,5,6,6
c8ec9b64-4df2-466d-acf5-3cc383f278d4,Latrice,Smith,3,1,6-6,240,ROTATION,SF,9,7,11,11,6,5,13,10,11,6,6,4,7,7,12,5,8,9,6,6,9
a400987d-bc34-4c1f-a10f-80725e81bb5d,Sariff,Mohammad,23,10,6-8,236,STARTER,F,11,10,9,7,6,12,14,8,15,16,12,11,7,7,10,3,14,13,9,12,8
6d569e94-a3e8-4aa3-97f4-008483186159,Charlie,Joiner,,8,6-4,239,BENCH,SF,9,9,9,11,10,6,11,10,9,3,6,9,11,9,12,8,6,8,8,7,9
2307aa49-4cb7-44d3-8b09-1ef98ea9341c,Grant,Carter,,11,6-6,236,STARTER,F,11,12,15,20,17,4,17,13,13,12,14,16,16,20,17,20,13,12,15,14,18
cba2f664-46ec-4ce4-b382-da237d2595b0,Khalid,El Anon,,8,6-2,207,ROTATION,PG,6,5,9,9,8,5,9,17,11,3,9,6,7,7,10,10,5,6,7,5,8
996ee94c-67b5-4447-845b-bc3df893d280,Michael,Johnson,26,10,6-6,227,STARTER,BG,11,10,14,19,14,12,18,12,14,10,16,15,17,12,17,17,12,12,15,13,16
f5c9a1fb-0a04-45d6-bfc4-b246fec26ea3,Rick,Sehorn,,9,6-10,271,STARTER,C,14,17,14,13,14,14,13,6,11,13,12,15,15,12,5,13,16,13,16,12,16
d58bbbb3-133e-444b-913b-1ee5a2bbddaa,Sam,Francis,,9,6-3,201,STARTER,PG,4,5,12,15,6,6,11,14,15,8,9,4,16,13,16,8,8,6,7,8,10
0838c36a-e96f-48ea-8e0e-92adcc3a8907,Sean,Grady,6,7,6-8,243,STARTER,PF,12,17,14,11,14,14,13,8,11,15,14,12,12,12,7,13,17,13,14,12,16
218223dd-28d9-46b2-ae7f-326ef7b7e1a4,Terry,Tyler,,7,6-8,225,ROTATION,F,9,9,9,9,10,6,11,10,11,8,1,6,11,4,14,5,9,9,7,8,9
f7bfa8f2-676a-4539-a446-e6fffa86e043,Titus,hawthorne,,2,7-0,255,BENCH,FC,13,12,6,2,6,7,6,6,4,3,9,6,7,7,8,5,6,8,6,5,6
b15d229d-e427-4c0d-8587-d849530bdf4c,Tyson,Whittfield,,3,6-10,257,ROTATION,PF,14,13,6,7,6,8,9,10,6,8,6,6,9,7,12,5,9,11,6,8,6
eef5c863-32e5-4c23-80aa-3aafa2e58d89,Alphonse,Capel,,10,6-8,237,ROTATION,PF,12,9,4,9,8,4,11,6,6,6,6,9,7,4,10,8,8,10,6,8,6
cf49f57f-1564-4e6b-a994-830ced9138a9,David,Thirdikill,,6,6-4,234,BENCH,BG,9,7,11,4,8,9,11,8,11,10,9,11,7,9,8,12,9,9,9,10,9
25d3add6-c915-4770-be32-ca4a114b76d7,Drazen,Petrovichek,,7,6-4,214,ROTATION,BG,8,9,9,14,12,8,6,10,11,6,9,11,14,11,12,8,6,7,10,9,10
aab71b8b-3413-4f50-8bec-240942bab1a0,Fred,Durst,,4,6-5,215,STARTER,CG,8,7,12,9,12,8,6,14,13,10,9,9,14,15,14,10,8,8,10,10,13
6d1267af-1c26-4a41-b90e-5012883055b7,Jessie,Boyd,40,7,6-8,243,BENCH,FC,12,10,4,2,3,8,6,3,4,8,6,9,11,9,14,8,8,9,6,9,3
4b877e41-731f-4931-b0d7-d026716d6797,Lew,Alcindor,,2,7-0,242,STARTER,C,12,10,12,15,12,10,16,10,15,8,14,11,12,9,12,8,10,12,11,10,14
fdaf1dd7-0d3d-4e31-8e2a-cdf8db26854e,Mike,Ritchie,,7,6-3,210,ROTATION,PG,6,9,11,14,8,8,11,13,11,6,6,14,15,13,16,12,8,7,10,11,9
b116d107-50c3-46da-9d88-1d5dac50982a,Randy,Johnson,,7,6-7,228,STARTER,BG,11,10,9,13,12,12,13,12,11,12,14,12,14,11,5,13,11,11,11,10,11
781358bd-30eb-4a48-bdbf-ee2f9c566ae2,Roy,Bostic,,0,6-7,241,BENCH,F,9,9,4,7,10,8,6,8,9,6,11,9,7,7,12,8,6,7,7,8,7
bfe5b653-1728-400c-bb16-b2db5a26d206,Stephon,Hawkings,,1,6-2,220,BENCH,PG,8,10,9,14,8,9,13,13,11,6,11,9,11,9,16,5,8,8,8,9,9
56583ce1-7b57-4080-b22b-d63acc2e1526,Terry,Allen,,9,6-9,238,STARTER,PF,11,13,12,11,12,13,13,10,11,15,14,12,11,12,12,12,15,12,13,13,14
ec32e741-f07f-4c00-9ac7-a4b86a1c657f,Troy,Hunter,,7,6-8,231,STARTER,F,9,9,11,11,10,9,9,10,13,8,11,11,9,11,2,10,8,8,10,8,10
5f1b245d-b950-41b5-a092-6c1b93f6942a,Alex,Karras,,8,6-10,265,BENCH,C,16,14,6,7,6,8,4,6,4,6,6,6,4,9,7,3,7,10,6,6,6
353339e9-fd24-4b61-ab5c-cac6b309dbfc,Charles,Woodson,7,12,6-9,243,STARTER,F,9,10,15,16,17,13,14,12,13,12,14,16,15,17,16,19,12,11,17,14,18
df931cb1-76e1-4f7d-ab84-2bd90e3aa79e,Domingo,Chavez,21,9,6-2,212,ROTATION,CG,8,5,12,14,8,5,6,12,6,6,4,6,14,9,17,12,5,7,7,8,11
3010654a-82a0-4906-867c-b8bfc5748a3f,Eddie,Jones,,10,6-7,220,ROTATION,WING,8,9,11,11,6,8,14,12,11,10,9,6,11,7,14,10,10,10,7,9,9
d0a7a8a2-25ab-491a-b772-aa346c663f08,Erroll,Jones,10,9,6-7,224,STARTER,PG,8,5,16,14,15,10,13,16,15,10,12,15,17,16,12,15,9,9,16,12,17
7c5fafa9-3b2d-45dc-8e96-e6e438b6a4e3,Israel,Krieg,,11,6-4,242,STARTER,SF,9,9,9,11,10,8,13,12,11,8,6,11,9,7,12,10,9,9,9,10,10
475618b3-d50f-4ebf-bbd3-4d341047ef47,Keith,Alstott,,9,6-10,255,STARTER,C,14,16,9,13,10,14,9,6,9,16,12,15,14,12,7,10,14,13,12,13,9
46d7c2fd-fb55-4b53-b351-be4da5482b2b,Keith,Halprin,33,0,6-7,228,BENCH,SF,9,10,11,9,10,10,11,10,9,10,11,11,5,9,10,10,10,9,10,10,10
fb23c64c-5caf-4924-8774-47add295cff2,Kenny,Appleman,,9,6-6,225,ROTATION,F,8,9,14,11,12,8,13,13,6,6,9,9,12,11,14,8,8,8,10,8,15
e63a27f2-e20c-498c-ad15-6a6c95607d4e,Kenyan,Childs,5,11,6-8,239,STARTER,PF,12,15,11,9,12,15,14,10,11,15,14,18,15,11,5,13,16,13,14,14,12
cc11a509-e139-4e31-bf9a-7f47b3570543,Rasheed,Lewis,,12,6-7,246,ROTATION,PF,11,13,6,7,8,11,9,10,11,12,9,11,11,15,8,12,11,10,9,10,7
b1cb3f29-2d0d-4123-98c4-34e6993d1e60,Drew,Carrey,22,4,6-2,205,ROTATION,PG,6,5,14,9,12,9,6,14,9,8,11,12,11,11,8,10,6,6,12,9,14
bcb3cff6-3452-48cb-a3a2-d142a4e94e0c,Kena,Woods,14,0,6-7,226,BENCH,BG,9,5,9,11,6,5,9,8,9,6,4,6,9,7,12,8,6,8,6,7,7
e9b08429-6808-4088-9b87-e7a5e3a1bed1,Martin,Curry,,5,6-6,221,ROTATION,SF,8,7,11,11,8,6,11,10,11,10,9,1,7,11,12,10,9,9,6,6,9
bfe2e503-6879-40e5-b452-d70ffba6d727,Montel,Webster,9,1,6-9,244,ROTATION,PF,13,15,9,7,10,13,13,8,9,12,15,11,12,12,8,13,15,12,10,10,10
f6a886df-1f24-414b-be8a-2948e560be1c,Ray,Case,34,6,6-5,239,BENCH,F,9,10,9,9,3,6,11,8,6,8,4,4,5,4,8,3,9,9,5,6,6
7688f566-8db5-4bbc-85e8-fcc8425fb487,Roy,McCloud,,4,6-10,245,STARTER,FC,12,10,9,13,12,8,6,10,4,8,6,11,12,9,12,8,8,9,10,10,10
6c8b1e2c-547b-4251-b8e8-2743454eed07,Steve,Southerland,,6,6-2,225,STARTER,PG,8,5,16,13,15,11,6,14,13,12,12,15,14,15,10,14,8,8,16,12,16
920748c6-543c-4144-bbbc-ebf18450bd85,Tim,Shepard,,12,6-10,253,STARTER,PF,13,10,12,11,14,3,6,10,6,16,14,11,9,15,12,14,12,12,10,13,14
60f430a5-17d7-4f86-ae3c-f1478258a0c0,Toni,Chrico,4,12,6-9,240,STARTER,F,11,9,15,18,15,3,9,12,9,8,11,11,20,14,14,12,8,9,11,10,16
0e22a53f-b724-4ca4-b953-711ca4288a41,Tony,Dedrickson,18,8,6-6,218,STARTER,BG,8,7,12,15,17,11,16,14,17,10,14,14,18,17,16,14,10,10,14,12,16
755a2bde-38e2-46ea-b315-811551dec29c,Walt,Rainier,10,8,7-0,244,BENCH,FC,13,12,1,2,6,5,6,8,4,6,1,4,4,3,7,5,7,9,4,5,3
8d4c7630-6dae-4155-a053-99181b4ff35e,Aaron,Mcnair,,9,6-1,219,STARTER,PG,9,10,14,7,12,12,13,13,9,13,12,15,14,16,12,17,12,11,15,13,15
621a0393-8c66-4df3-9509-027788e0076d,Alex,Fetisanov,,0,7-0,254,STARTER,FC,13,9,9,9,10,8,6,6,6,8,9,6,7,4,5,5,7,10,8,6,9
a29d5c15-a0df-4a0d-85d8-c2dea5a49370,Harold,Minor,,11,6-8,231,STARTER,F,9,10,17,17,17,4,13,12,11,10,11,14,15,18,16,16,10,10,14,12,19
5e1f9f74-753b-438f-ba81-b25a2b18751c,Lou,Schultz,,2,6-8,233,BENCH,F,9,7,6,9,8,8,9,8,9,8,9,9,5,7,10,5,8,8,7,8,7
f8cb53bd-9b59-4b0b-956c-035bf2cb4997,Neal,Biernet,,7,6-6,218,STARTER,BG,8,10,6,11,10,10,16,10,14,12,9,9,4,9,10,8,12,11,8,10,9
c47737b0-43ce-4454-b4e9-9a0b16c7d4c6,Randy,Castillo,18,6,6-1,215,BENCH,PG,8,5,11,9,6,7,9,13,14,6,9,9,7,9,8,8,6,7,8,7,8
4182ad4f-797c-4a48-823d-72d6d4eec1a6,Rod,Mcray,,5,6-7,250,ROTATION,PF,12,13,9,9,10,11,11,8,9,10,11,11,11,12,10,12,11,11,10,10,9
219c37b2-e3ed-4052-b2e0-3e671771602c,Roy,Carver,,2,7-1,253,ROTATION,C,13,12,6,7,8,10,11,6,11,12,9,9,5,11,5,12,11,12,8,9,7
3d3b3978-5d45-4b79-8d0d-1a83f1eb8ba4,Roynell,Young,,9,6-5,238,BENCH,SF,9,9,6,9,6,9,11,8,9,8,11,9,5,9,8,8,9,9,7,8,6
0ced4f4b-c4b5-4cd8-b96d-2d26979044eb,Shannon,Holdsclaw,4,4,6-10,236,STARTER,PF,12,14,12,15,14,13,16,12,11,15,14,12,12,13,16,13,16,13,13,14,15
44fb86ab-81a7-426f-931f-dba6dd27323e,Antonio,Nash,39,6,6-9,232,STARTER,PF,11,10,11,7,8,13,11,8,9,15,16,14,7,9,5,12,12,12,11,12,9
c778ee80-6276-40ad-abff-ca8eeb7153c3,David,Duvall,,6,6-7,223,STARTER,PG,6,2,20,9,17,7,4,16,9,3,11,12,11,13,7,13,3,4,15,7,19
ebc3579d-f703-4faa-a6a4-f803e0c5696d,Jake,Malone,,1,6-7,215,STARTER,BG,9,9,6,11,10,8,11,10,9,6,9,9,7,7,12,13,8,8,8,8,8
bbb2c0fb-9854-4af0-86d0-4ea2790806bd,Jason,Mcallister,,5,6-3,215,BENCH,PG,6,7,6,9,6,7,6,10,11,8,9,6,5,9,12,8,7,6,6,8,6
e27e82d2-59f6-4070-acf8-60c21cd1bf1b,JD,Smith,37,5,6-8,237,STARTER,F,12,10,12,15,17,10,11,10,11,8,12,11,9,11,12,12,9,10,12,10,15
c5122641-37ae-4ee7-bebc-18ec1a8cdab7,Mark,Eaton,,5,6-10,294,STARTER,C,19,16,11,11,3,11,4,3,6,10,9,11,7,7,7,12,10,13,9,9,7
2335e8d1-6c6d-4073-9c9d-804da452eb77,Mark,Hunter,25,0,6-10,254,ROTATION,C,14,13,9,7,6,11,9,6,9,10,12,9,1,9,10,8,10,11,8,9,7
5384b3c2-f54f-4afd-8f65-94f40bf778bb,Mike,Montgomery,,5,6-6,227,ROTATION,BG,8,10,9,9,10,11,9,12,13,13,11,11,9,11,10,10,11,9,10,11,9
08bf08fa-e545-4571-b8d3-bddbcad3fa28,Rueben,mayes,,0,6-9,233,ROTATION,SF,9,9,6,9,6,8,14,8,11,10,9,6,9,7,12,10,10,10,6,8,7
4cf6a273-427d-4df5-8a13-c4a70b232508,Sam,Mcallum,,1,6-6,237,BENCH,F,9,10,6,9,6,10,11,10,13,10,11,9,7,9,14,8,10,9,7,10,6
b76dfef5-e59c-4a12-a89b-fe91489ccc5d,Tim,Bossingham,35,2,6-10,251,BENCH,PF,12,12,9,9,12,8,6,8,9,6,6,9,11,9,12,8,7,9,9,8,10
2662f017-7b2c-4758-8afb-fbe6e6ce2f65,Alvin,Threatt,26,1,6-1,211,ROTATION,CG,6,5,9,13,8,7,6,13,9,6,9,9,15,9,14,10,5,6,8,8,8
261b4872-e741-4322-ab55-2a4ce2c08e3f,Dan,Clemente,,4,6-6,227,STARTER,BG,9,7,12,16,12,8,9,8,11,8,6,11,15,11,14,10,8,8,10,10,13
89c1cce2-55a6-4ed6-99de-2efbf565f462,Dan,Fouts,,6,6-1,212,ROTATION,PG,4,2,12,9,8,6,9,16,9,6,11,6,11,11,7,10,5,5,8,6,11
db053c9c-cab9-4da6-9259-3c090c3c2e0d,Dan,Roundfield,,5,6-10,255,STARTER,PF,13,19,11,7,10,17,11,6,11,17,18,17,11,14,10,15,16,13,13,15,10
a0d79c0c-d82d-4b18-9348-b8f2bae0aa2a,Michael,Crosby,,3,7-0,249,STARTER,C,13,13,12,14,15,10,11,10,13,8,11,11,14,9,12,12,10,11,12,10,14
d1c6cf56-b0f9-43a0-be8d-d791b10ab1cf,Mickey,Redmund,,7,6-8,249,BENCH,C,13,12,9,7,10,8,6,8,6,8,6,9,12,12,8,10,8,10,9,8,9
98b8f949-e615-48af-b3bc-912b83bb0f0c,Rudolph,Mordecai,17,1,6-9,247,ROTATION,PF,13,15,9,4,8,13,11,8,9,12,14,11,7,11,5,12,12,12,10,10,8
f4057589-0824-4a6d-ba42-ea3233f46a20,Sebastian,Krechev,34,0,6-4,228,BENCH,SF,8,7,9,9,6,5,6,8,6,6,4,6,7,9,12,8,6,7,6,7,7
4217652f-e6cd-41f2-ac62-7eb475ef2843,Steve,Prefountaine,,3,6-8,247,STARTER,F,11,12,15,15,15,13,14,13,13,13,15,15,15,14,10,12,13,12,16,13,17
22aede15-071e-4310-8ff8-3d594c8a6142,Tony,Hawk,39,5,6-4,201,STARTER,CG,4,7,17,15,14,12,14,20,19,13,12,16,12,15,14,14,11,8,16,14,17
5d823bc2-db08-4372-80a9-9cd4a2b08aba,Bruce,Harper,,8,6-7,213,ROTATION,BG,8,9,6,9,8,8,9,10,9,8,9,9,9,9,8,8,8,8,7,8,7
e5fc2507-6c98-45fe-a244-d229ba089667,Chris,Crawford,29,5,6-8,231,STARTER,F,9,9,12,14,6,11,13,10,11,12,12,11,11,11,14,5,11,10,10,12,11
5d7aac7a-b9c7-4b47-8b97-ae2b7af9af62,Gerrard,Wagner,,2,6-4,220,ROTATION,SF,8,5,9,11,8,8,11,10,11,10,9,9,9,4,12,5,9,9,8,10,8
ab61a36a-e0fd-4293-88a2-751e31742add,Jake,E Lee,,1,6-3,201,STARTER,PG,4,5,9,13,10,9,14,16,16,13,12,6,7,11,17,8,11,8,8,11,10
05d8b921-9c12-42e4-8689-2dbb822f6641,Marcus,Kemp,7,6,6-7,248,STARTER,PF,12,14,11,14,12,13,17,8,14,16,12,12,11,12,12,13,16,14,12,13,12
e8f121de-f31f-4376-9d2a-a8cb412cddbe,Mikael,Lynaugh,17,2,7-2,276,ROTATION,C,18,15,9,9,10,11,4,3,6,8,11,11,9,11,8,10,8,12,10,9,9
4cd800fb-6cb4-41c2-9471-fa24a990ac3b,OJ,Rice,19,6,6-7,248,STARTER,SF,11,12,6,9,8,13,18,8,14,13,16,14,9,9,16,8,14,13,10,14,8
15571acb-8048-4fba-b084-b61918a6ddf3,Sean,Brock,,5,5-11,196,ROTATION,PG,1,5,12,7,10,9,6,16,11,10,11,11,9,7,8,8,7,4,10,10,12
099ed9b0-c122-4647-b919-00fc2ef61bc3,Shane,Hennings,,4,6-10,283,BENCH,C,16,15,4,7,8,9,4,3,4,8,6,9,7,7,10,8,8,11,7,8,6
50ecbee8-3a99-470d-85fb-5e7114a8af8e,Zoron,Petrovichek,,5,6-9,264,STARTER,FC,14,13,11,13,12,11,11,8,11,10,11,11,9,9,8,12,11,12,11,10,11
612f83c7-341a-46ce-840f-0754b1cd8b8c,Alvin,Gentry,35,6,6-1,220,BENCH,PG,9,7,9,11,8,9,9,14,13,10,11,9,12,12,10,10,9,9,8,9,8
dec497ce-87d1-41f4-b83d-dcbde3bb675e,Barry,Carroll,8,6,7-1,266,STARTER,C,14,13,11,11,8,11,9,10,9,12,12,9,9,7,12,8,11,12,9,10,9
53576e4a-915f-4d5e-a62c-ae0e1147354e,Charles,Chattman,,1,6-5,249,BENCH,F,11,12,9,13,8,11,14,12,11,12,14,9,7,11,14,8,12,12,9,11,9
4b354d82-96e2-42eb-ba77-1fcbfa3bd048,Dahntay,Jones,45,5,6-6,244,STARTER,PF,11,16,9,9,10,15,9,8,9,15,16,14,11,12,8,10,13,11,12,13,9
f081132d-32f4-4a14-a78d-14b84483e19b,Keith,Sweat,,8,6-7,235,STARTER,SF,9,9,14,15,14,12,9,12,9,12,14,14,16,13,16,15,10,9,14,13,15
27acf4e3-8c7e-4894-82b9-b6aa86902625,Lamaar,Greer,,3,6-6,230,STARTER,BG,9,9,9,13,8,11,16,14,14,12,12,11,9,14,14,8,12,11,9,12,9
a819db95-7242-4bab-9db8-39c5c0c24362,Lamaar,Harrington,5,6,6-7,245,ROTATION,F,11,10,11,13,10,10,13,10,11,10,12,9,9,11,14,12,10,11,10,10,11
dac72ae9-510f-4a33-afc4-7d2404938dcc,Lance,Armstrong,20,2,6-3,215,ROTATION,CG,9,10,12,14,14,9,6,12,6,6,9,11,15,12,12,10,7,7,11,9,14
5714bcf7-c816-41d8-a44f-c6d81f019c9f,Mike,Saedler,,8,6-8,244,ROTATION,PF,12,15,11,9,12,13,9,10,9,12,14,12,12,11,10,14,12,11,12,11,11
d2b9211e-25f8-41b4-a338-a4b9d6ad2442,Rasheed,Ndiaye,,4,6-2,231,STARTER,PG,9,10,12,14,12,11,13,13,13,8,12,15,14,12,12,12,9,9,13,11,14
ffec217b-2e22-4233-935a-60517bf210e4,Russ,Burton,,7,6-10,269,BENCH,FC,16,12,6,4,8,8,6,6,4,6,6,9,4,9,7,8,7,11,7,7,7
559296e8-303f-45bc-b397-37926eebaf55,Ahmaad,Rashaad,19,5,7-0,279,STARTER,C,16,16,12,18,17,16,13,12,11,13,15,20,15,18,16,15,15,14,17,16,16
570582fd-9416-43e0-aee1-a9874167c5f2,Barn,Gabson,,3,6-10,257,ROTATION,FC,14,15,6,4,8,13,11,6,9,13,12,12,7,11,5,13,13,13,9,11,7
ca2cbc23-1e22-4ad3-8978-ee692b200ddd,John,Lynch,,11,6-5,242,ROTATION,F,9,9,11,7,10,11,14,8,11,13,12,12,11,12,8,12,12,11,11,11,11
e0c57c72-b2e4-4b65-9e6f-d09301baf675,Mannie,Rivera,,12,6-2,204,ROTATION,PG,4,5,12,9,8,7,9,13,13,8,6,9,11,9,14,10,7,6,9,9,11
dd0f36b4-a42c-4bf9-9ac0-0194eff057b2,Michael,Grant,,7,6-11,255,STARTER,PF,14,15,12,11,14,15,13,10,11,15,16,14,12,13,5,14,16,14,14,12,15
7f33d03f-d6d6-41c5-8338-9203cdfb32c6,Michael,Wiles,,2,6-4,209,BENCH,BG,6,5,6,9,6,7,11,6,11,8,9,6,7,9,10,8,8,7,6,7,6
f06d82e8-37e8-406a-90c8-3fdcdbbaef63,Ron,Dupree,8,6,6-3,224,STARTER,PG,6,9,11,9,10,10,11,14,13,13,6,15,9,13,12,8,11,9,11,13,10
4a491bd7-9cc0-40e2-90da-18a64cbae634,Sarif,Anwar,,2,6-11,249,BENCH,PF,12,10,6,4,10,9,11,6,9,10,9,9,5,9,8,10,10,11,8,9,8
ab67dac0-8487-4ece-a6b3-2b1252298fac,Steve,Austin,,13,6-8,226,STARTER,F,9,13,15,11,12,4,9,8,6,15,9,16,15,15,8,10,13,10,13,14,14
533ae6bc-6424-4d24-8f08-91d39e1d084c,Tim,jackson,,10,6-4,213,STARTER,BG,8,9,9,13,12,8,6,10,9,8,9,9,9,9,8,13,7,7,9,8,10
674e6c59-0328-4c1c-b698-0ab83125dbda,Bob,Whalen,30,2,6-10,251,ROTATION,PF,12,10,6,7,8,9,13,6,6,10,9,9,7,7,7,10,10,11,8,9,8
e3d0cb08-a1fc-42a6-97a8-06632226d7a2,Brian,Hedge,,8,6-8,241,STARTER,F,9,12,14,9,14,16,16,10,15,18,19,15,9,11,12,12,16,13,16,15,16
864cfbdd-6c09-4f70-abe3-7745cc1d544b,Crawford,Thomas,,11,6-3,209,STARTER,BG,6,7,15,17,17,4,13,17,18,13,14,15,18,16,17,14,11,9,14,14,18
4d2123cc-0319-4ce5-a590-f5dbc7540794,Ed,Traynor,,8,6-8,235,BENCH,SF,8,7,4,4,6,1,9,10,9,8,4,4,4,1,5,3,8,8,3,5,5
1523c2c6-efa3-4145-ac5e-f45ef2ff43e0,Jamaal,Kline,,7,6-9,256,BENCH,FC,13,10,1,7,3,5,9,6,6,3,6,1,5,11,7,5,6,9,2,3,2
b33fc3e3-6dfc-4ad0-a3b4-f16ba2fc0e46,John,Clark,,8,6-10,264,STARTER,C,16,17,14,13,14,14,9,6,9,15,14,12,14,15,10,15,14,14,14,12,15
0e48b64c-4180-401a-8222-dece7da35d86,John,Sanders,,7,6-3,215,STARTER,PG,8,7,9,7,10,8,11,13,9,8,9,9,4,9,5,12,8,8,9,7,9
2d4ae749-b2a0-4eb2-8ec8-af6c5a1f8082,Juwaan,Ceasar,,10,6-9,241,STARTER,PF,13,15,6,7,8,12,9,8,1,15,9,11,14,9,2,16,13,12,9,10,7
6e18ce18-e649-4045-8451-3665fe62c20f,Ronnie,Combs,10,7,6-6,233,ROTATION,SF,8,9,6,9,6,10,9,10,9,12,11,9,7,7,12,10,10,9,7,10,6
9fd88de9-c1c1-4276-8ebf-9986e317c476,Tony,Rich,,1,6-0,208,ROTATION,PG,4,5,12,11,8,5,11,19,11,6,6,4,7,12,14,8,7,6,7,6,11
01d7e77b-46ad-4901-9863-07a9904f7726,Chris,Medina,,9,6-4,223,ROTATION,WING,6,10,11,11,12,4,6,12,6,10,6,11,9,9,10,10,9,7,9,10,11
7e01ecb0-2fd2-4c1a-85eb-66dfe0405323,Darren,Sein,25,4,6-8,247,BENCH,FC,13,12,4,4,3,9,6,6,6,8,9,9,7,7,8,5,8,10,6,8,3
fd5e8694-7ff3-434f-abc6-fec56511a64a,Dean,Warrick,,5,6-5,221,BENCH,SF,8,7,4,7,3,5,9,8,11,3,6,4,7,3,8,8,5,7,4,4,3
20d4a9cd-5c44-4284-881b-c00cefdafc13,Erving,Sontas,11,6,6-7,247,STARTER,PF,12,12,9,9,6,10,6,6,6,8,11,9,9,7,5,10,8,9,8,7,7
21eba14e-7ae5-4bdc-9df3-695355a341d0,Jeri,Ball,,1,6-11,256,ROTATION,PF,16,15,6,11,10,9,4,6,4,8,4,12,11,9,12,10,8,11,9,10,8
f27a4f82-1a26-46d0-9372-84ac42dc6280,Jessie,Zenobile,14,2,6-5,222,BENCH,F,8,5,12,13,12,4,6,12,4,1,4,6,15,9,14,5,3,5,8,5,13
e01a3786-dea0-4b6a-a29d-7e9aa8fdf7fa,Kevin,Roundtree,2,5,7-1,272,STARTER,C,14,15,11,11,8,15,11,8,11,15,15,15,11,12,7,12,14,13,12,13,9
07628dc2-cbe7-4712-8086-c3e2e2654e5c,Randi,Rhodes,12,11,6-4,207,STARTER,PG,4,5,9,9,12,7,9,19,9,8,6,9,7,11,14,8,7,6,9,9,10
c0513242-b88a-4796-8b04-d8aa3c6c28de,Satchell,Paige,,8,6-10,242,STARTER,F,12,9,11,9,8,8,11,10,9,8,11,6,9,7,10,5,9,10,8,7,9
c4b2943c-9df7-48f0-93de-ddf4b9c6de71,Tom,Petty,31,7,6-7,233,ROTATION,F,8,9,15,13,12,7,4,8,4,6,4,9,15,7,16,10,6,6,10,9,14
70dae722-5356-44b1-9b2f-caeb0226d961,Tony,Starks,13,10,6-3,223,STARTER,BG,8,10,14,18,17,3,13,13,14,13,14,16,17,16,16,16,12,10,14,14,17
75b00d12-39ed-4224-9db0-b9efde829e67,Bob,Zork,22,7,6-0,207,BENCH,PG,6,5,11,7,12,6,4,13,11,6,4,11,12,9,10,8,5,5,10,8,11
91186e61-6936-4011-9ade-9595204b0fea,Bobby,Serio,,4,6-4,233,BENCH,SF,8,9,12,4,8,9,11,10,11,10,9,11,7,7,10,10,10,9,10,10,11
6fa236ce-999d-4410-9b19-103a98c7cfd9,Brian,Maynard,20,11,6-0,219,STARTER,PG,6,5,18,9,15,4,6,14,13,6,12,11,11,15,5,13,5,6,12,7,17
7f82c40a-5ab6-4b85-8d96-58dac9ef5198,Charlie,Morgan,,10,6-7,236,STARTER,F,9,10,12,15,12,4,11,10,11,8,11,15,7,14,14,14,9,9,11,12,13
72f7acae-98ab-46bc-bbd3-688d4260ea66,Chris,Porcher,32,9,6-9,250,STARTER,PF,12,12,12,9,10,11,11,10,6,10,12,12,12,11,5,12,10,11,12,9,12
bec1aa76-25ae-48a9-b6ef-fdfe603417cc,Davd,Nash,,10,6-11,249,ROTATION,PF,13,10,11,13,10,9,11,10,9,6,9,11,12,11,14,10,8,10,10,9,10
17fec7f9-2ccf-47d5-8735-6f8422001112,Juan,Consesco,,6,6-5,215,ROTATION,CG,9,7,6,7,8,8,9,12,11,10,11,4,7,4,7,3,9,9,6,7,7
097f8306-d355-4611-8567-2d78993d8be5,Mike,Miller,,7,6-6,220,STARTER,BG,9,10,12,14,14,12,13,10,11,13,14,11,14,12,5,10,12,11,12,10,15
c6fb7e57-de30-49ed-ab7a-bdb9aa8dadef,Richard,Lett,,3,6-10,247,ROTATION,FC,13,10,6,7,6,5,4,3,6,3,6,4,4,7,8,8,5,8,5,4,6
409175a9-e1d0-46eb-9ae3-ae9a40d15ee5,Warren,Woods,1,10,7-0,266,STARTER,C,17,17,12,16,17,15,9,8,13,13,15,17,15,16,10,14,13,14,16,14,15
365155c8-cdc6-44f6-98d2-ebe3ad419b08,Chris,Malone,,5,6-7,237,ROTATION,F,9,9,11,13,8,7,11,10,9,6,9,6,12,11,16,5,8,8,8,8,9
95c9871b-ea96-4430-ac22-ffb8d1c47390,Corneluis,Young,,6,6-5,224,STARTER,SF,8,9,4,9,10,10,14,8,11,12,9,11,5,12,8,8,11,10,8,10,8
e300340c-0501-43ce-83a1-1dd5f1451887,David,Gilmore,,6,6-4,219,STARTER,CG,6,2,15,7,17,6,1,14,6,3,6,14,11,12,5,14,2,4,14,7,17
9aa521fb-b6f5-4ab3-8d0d-5445a6aee452,Dean,Staley,,4,6-8,239,ROTATION,SF,8,7,11,11,10,7,6,10,11,6,9,9,11,9,10,8,6,7,9,8,10
7a9ae1c9-543a-45da-8120-386aad3b40c1,Ijaz,Ahmed,,2,7-0,279,BENCH,C,16,12,1,1,8,9,6,1,4,8,9,9,3,3,2,8,8,11,6,7,4
a3cafa3d-d1e4-4194-b74d-bad1695fa05f,Ken,Macafee,16,11,6-5,232,STARTER,F,9,7,12,13,10,3,9,10,15,10,9,4,12,13,12,12,9,9,7,8,12
ee0a6fb0-f2fd-48e6-ae21-9bed301b4e82,Kirk,Grolsch,,6,6-11,262,STARTER,FC,14,10,6,4,1,8,9,8,4,12,6,6,7,3,5,5,10,12,5,8,3
80e99238-375b-4630-9286-d60adbf1735c,Marcus,Ellerbe,,3,6-4,226,BENCH,BG,8,5,6,9,6,3,9,8,13,3,4,1,11,3,14,3,5,7,4,4,6
9b923fd8-1503-4ccc-b389-29edcd9b0100,Tim,Leslie,,4,6-7,219,STARTER,BG,9,9,12,16,8,12,14,13,13,13,14,14,11,13,14,12,12,11,12,13,12
9b537795-01ef-4856-ace4-892dead03d88,Craig,Magette,,2,6-7,220,STARTER,PG,11,10,12,13,12,11,13,12,11,10,14,12,12,14,10,14,10,11,12,10,14
f17362f1-daf9-4e8e-8d42-fb56746df016,Dan,Powers,,5,6-4,214,ROTATION,CG,8,9,11,14,8,7,4,10,9,3,9,9,12,9,12,10,4,5,8,7,9
794003fd-83e9-4e19-8280-20d57211c06c,Eric,Robert,,7,6-4,218,STARTER,BG,6,5,14,15,18,5,6,12,6,3,4,9,18,7,14,14,4,5,11,7,17
e9bd4ecb-9a6a-42ad-966c-2bcc489b27f5,Joe,Adkins,34,6,6-0,220,ROTATION,PG,6,5,12,9,8,7,11,12,11,8,9,9,11,12,8,10,8,7,9,8,11
5b4592b8-706c-42fa-87ed-474aea72da2b,Joe,Romancheck,,0,6-0,217,BENCH,PG,6,9,11,11,10,9,6,13,11,8,12,9,9,9,10,8,7,6,9,8,10
d25fe5a8-f44a-4592-af49-15823d16a8a6,Josh,Gibson,,9,6-7,247,STARTER,PF,12,14,6,9,10,12,13,8,9,10,15,12,9,11,10,10,12,11,10,10,9
687062a0-1fcc-49ef-b00c-4d4bd6a4a8a9,Kijana,Carter,,1,6-5,222,ROTATION,SF,8,7,11,14,6,9,16,12,14,10,11,9,9,12,17,8,10,10,8,11,9
e11f9cad-44cd-4c8e-8971-aee9800fdf5c,Lawrence,Phillips,11,10,7-0,273,STARTER,C,14,15,12,9,8,14,9,10,13,15,14,14,9,13,8,16,13,13,13,13,11
fc29921c-9a11-4d5e-b375-c39148808520,Pete,Humphries,16,2,6-7,250,ROTATION,PF,12,13,11,11,10,11,11,10,9,10,12,12,9,9,10,12,11,11,11,10,10
f42057ea-fb14-45fd-987b-1002323dfaa4,Rob,Carrado,,5,6-8,240,STARTER,F,9,7,14,13,14,8,11,12,11,8,9,9,14,9,7,10,8,9,11,8,15
7d12675c-0d1d-4e7e-9b17-ee11d9848a9c,Robert,Whaley,28,3,6-11,255,BENCH,C,13,12,6,7,3,6,6,1,4,6,4,4,7,7,8,5,7,9,4,5,4
9928cb0b-979b-4acf-9578-1bf958d77948,Bjorn,Berg,8,3,6-11,246,STARTER,C,13,10,12,17,14,10,9,12,6,8,14,9,16,11,14,8,8,10,11,9,14
4ddf484f-3a1c-4c3b-852b-cf441e14ba6e,Eldon,Deniro,6,8,6-3,219,ROTATION,BG,4,7,11,13,10,6,9,10,9,6,6,6,11,11,12,5,7,5,8,7,10
3cf6a966-6ccb-4907-8744-b1fac7db5d30,Ike,Vaughn,7,12,7-2,272,ROTATION,C,16,15,11,9,8,11,6,8,4,8,9,12,11,14,8,13,9,11,10,9,9
cf57a603-8822-4757-8d67-e3e39ac0d359,Jason,Jennings,12,6,6-7,219,STARTER,PG,6,5,15,11,14,8,11,17,11,10,11,9,11,13,12,10,9,8,11,10,15
1133e8a3-0d5e-4c6a-8524-b39a946339aa,Latrell,Cunningham,,5,6-7,246,STARTER,SF,11,12,12,14,10,13,17,12,15,16,15,11,11,12,14,15,15,13,11,13,13
884ec3c9-10a8-472b-8d10-7d719a095868,Mario,Porter,17,4,6-8,238,STARTER,F,9,12,14,9,8,14,6,10,9,16,16,14,5,15,5,5,12,10,13,13,12
2f5c9133-b719-4cfb-9593-056cfdaba463,Nazaar,Jalini,36,10,6-9,242,ROTATION,PF,12,13,6,4,10,11,9,8,6,13,11,9,4,9,7,10,12,11,9,10,8
f3ac2fa0-b134-42c7-851c-0ae086fc6500,Raseem,Duncan,,2,6-8,237,ROTATION,F,9,10,9,9,10,8,13,8,9,10,6,6,11,9,14,8,10,10,8,9,10
f8ff4631-97f0-44f2-81c3-04d9b2472688,Ryan,White,14,9,6-7,212,BENCH,PG,6,5,11,4,8,7,11,14,11,8,6,9,9,7,12,5,8,7,8,9,9
09a87f7f-e717-4462-b4ec-b597030dc06e,Shannon,Freeman,,7,6-8,240,STARTER,PF,13,16,14,13,10,15,11,8,11,15,15,16,12,11,8,13,14,13,15,14,13
378d047f-86ac-4434-889e-13c43966d10b,Anonty,Person,12,6,6-6,215,BENCH,BG,6,7,11,11,14,6,6,8,9,6,6,6,12,11,14,10,6,6,9,7,12
54c7eb73-9fef-482c-b016-12d47650ed5f,Bryant,Westbrook,10,9,6-7,235,ROTATION,WING,9,10,9,9,10,10,14,13,13,13,9,9,7,9,10,10,12,11,9,10,10
16a2ef6e-38a9-4334-b9a7-ad17316d191c,Cedric,Blackston,,1,6-11,249,STARTER,PF,12,12,14,14,12,13,14,12,14,12,16,14,15,11,10,8,12,12,14,12,15
44685389-6b29-4d7d-8e69-e75b7c76f619,Connie,Hawkins,,0,6-6,238,ROTATION,BG,11,9,9,14,8,10,13,13,14,10,12,9,12,12,16,10,10,11,9,10,9
90e5bef9-1f15-4403-b86a-2cf8c67feb1c,Corey,Sanders,,6,6-3,216,STARTER,PG,9,7,11,14,15,10,16,14,17,10,12,14,12,12,14,8,10,11,12,12,14
e41c002c-11e4-4221-a7d2-300715120a11,Deon,Swoopes,,4,6-9,242,STARTER,F,11,12,14,16,14,13,18,13,17,13,15,12,15,13,19,14,14,13,14,13,16
8df8b591-824a-4c7f-a5a3-cff8d979e305,Jason,Livingston,,3,6-9,249,ROTATION,PF,11,10,12,14,10,12,17,12,13,12,14,12,15,14,16,10,12,12,12,12,13
23325946-2de9-4b37-885b-071bbffb7821,Kevin,Bostic,,8,6-9,259,ROTATION,FC,14,13,9,7,8,10,9,6,6,8,11,9,7,4,10,10,9,11,9,8,8
163f5351-cced-4bda-b0aa-c30e6e33e10d,Otis,Anderson,,5,7-2,272,STARTER,C,18,19,11,11,12,14,9,3,9,13,11,15,12,13,8,12,13,14,13,12,11
b245aa53-6839-4332-b1c8-1be82f9e3ab2,Tikki,Barber,7,10,6-7,229,ROTATION,SF,9,7,6,9,8,6,11,10,11,6,6,6,9,9,12,8,7,8,6,7,7
9366a838-9b3a-4458-a08d-99f6cbb562b5,Trent,Green,,7,6-7,232,STARTER,BG,11,10,11,14,14,14,17,12,14,16,15,15,15,16,7,12,14,13,13,13,13
b64d6ddc-ce84-4fc4-af03-eff2c1fc4f32,Chuck,Muncie,,7,6-7,215,ROTATION,BG,9,10,9,11,10,10,11,10,9,10,9,11,11,9,10,5,10,9,10,10,9
908a30bb-417f-45b7-ae52-382907717bc5,Ian,Mackaye,26,1,6-2,218,STARTER,PG,6,7,12,11,12,10,9,17,11,10,11,15,9,12,7,13,9,7,13,11,13
6db13a2e-1cf4-4a63-8fd8-568afd1de3f8,James,Perez,,5,6-8,243,BENCH,PF,11,12,4,4,6,9,11,3,6,10,6,11,5,9,7,8,10,10,7,9,5
e7099fc8-2278-4d7f-9995-276476811957,Javier,Trinadad,5,3,6-10,235,STARTER,SF,11,9,11,13,12,9,11,12,13,8,11,11,12,11,12,10,9,10,10,10,11
31f857be-8f3c-4a03-bbf3-e0c9c1bdc10e,Jayson,Faulk,,6,6-11,272,STARTER,C,16,17,11,11,12,17,13,8,11,19,18,15,7,17,7,14,19,16,13,15,12
87d5217e-c8d3-4106-974a-a0f30422313a,John,Brown,,6,6-4,227,ROTATION,WING,6,9,9,9,8,9,9,10,13,8,9,11,9,9,8,10,8,7,9,9,8
5d1a2e00-9e15-4403-8c76-b7fbfc79b296,Kurt,Thomas,,6,6-6,236,BENCH,PF,11,12,6,7,10,8,14,8,9,8,6,9,7,7,5,10,10,11,8,7,9
0a57f692-d626-4b2d-b435-c607a19a4b8c,Paul,O''Neil,,8,6-6,238,STARTER,PF,11,12,12,13,12,11,9,8,13,10,16,9,7,7,10,10,10,10,11,9,13
5b6c9138-e419-42a5-8841-f6e4b05fdba7,Quincy,Jones,,4,6-6,235,STARTER,SF,9,12,11,7,14,12,14,10,13,12,14,12,12,9,7,12,12,11,12,11,13
357d8166-242c-465a-952d-e4ecde544dea,Rudy,Eckert,35,5,6-7,242,BENCH,F,9,10,9,11,6,10,9,8,9,10,9,11,4,9,10,8,9,9,9,10,7
efa0b600-8e5a-4547-9a39-5887db10df73,Vito,Vodsichkova,,4,6-10,259,ROTATION,FC,16,14,11,9,8,10,6,6,4,6,9,11,11,9,14,10,8,11,10,9,9
8bbbe23f-f4ed-413d-b11a-7e3806cbb0f6,Bolos,Ceballos,,1,6-10,265,ROTATION,FC,16,15,12,11,14,10,6,6,6,8,9,11,12,7,14,5,9,11,11,10,14
b25712e7-f8ef-4af6-95d7-20554f433e5f,Brad,Van Pelt,,0,6-11,253,BENCH,PF,13,13,9,9,10,10,9,10,9,10,11,6,12,11,12,10,10,11,8,8,9
c5a61d77-39c2-4eb8-9b48-ee12b8721667,Brett,Pierce,23,2,6-3,217,ROTATION,BG,6,7,12,14,14,9,4,13,9,8,11,12,14,13,12,12,6,6,12,10,14
bc4dcd89-43a1-4871-8bfb-7b301aa3a696,Chris,Mims,29,6,6-9,244,STARTER,F,9,9,9,7,8,9,11,8,9,8,12,9,4,9,5,8,9,9,8,7,8
7084042c-01e2-4e61-af4b-c713169a07b5,Christian,Smith,,3,5-10,202,ROTATION,PG,1,2,12,11,10,8,14,14,16,10,11,9,9,12,12,12,9,6,9,10,13
a5021ca4-8c6a-4406-aa70-2710fc3dec8c,Jocko,Pastoruis,2,7,6-10,248,STARTER,FC,14,13,11,7,6,11,9,10,9,12,12,9,9,4,5,5,11,12,9,9,8
6e7b3931-f3ab-41cb-9281-8ed44e7c9270,Kalika,Smith,30,1,6-1,216,STARTER,CG,6,7,18,11,10,9,9,16,15,6,9,14,14,15,7,15,7,6,13,9,15
756128a3-6a1e-43eb-8ca7-fa182777c756,Lance,Parrish,,4,7-1,270,STARTER,C,14,13,11,7,8,11,6,3,9,10,11,12,11,11,5,13,9,11,10,9,9
1ad24806-9f0a-4023-a839-a7f5e03f49fb,Luke,Prescott,33,10,6-11,250,ROTATION,FC,12,12,11,13,8,9,6,10,9,6,9,9,11,9,16,12,7,9,9,9,9
85924ed5-7feb-4200-a61e-33dbcfce9092,Michael,Bivins,,2,6-10,245,STARTER,SF,11,9,11,11,12,11,16,10,14,12,12,11,14,11,16,10,12,12,11,12,12
167a4664-295a-4e14-8c13-cd4f9391615e,Ron,Childs,,9,6-0,211,BENCH,PG,6,9,9,7,8,9,9,13,9,12,9,6,7,9,10,8,10,8,8,9,8
f0c1c226-f294-4d3c-a752-9aa420c7b7fc,Chad,Dawson,6,6,6-0,213,STARTER,PG,6,7,9,13,8,8,11,17,13,12,4,9,5,9,12,10,10,8,8,10,8
d223d8f2-c653-4a27-bc69-f2352358b71a,Charlie,Hughes,,7,6-4,222,STARTER,BG,8,9,11,11,15,10,13,12,14,10,12,9,12,15,10,13,10,9,11,9,14
c84b559e-29ee-4d5d-ac1d-143cbd44b7a6,Chris,Brooks,30,8,6-7,216,BENCH,BG,9,5,6,7,8,8,11,12,11,10,11,9,7,7,7,8,9,9,7,9,7
6a137d82-006c-4014-b978-77a855ef4ea5,Chris,Lennox,,4,6-7,240,STARTER,PF,12,12,4,9,6,12,11,8,11,13,12,11,9,4,5,5,12,12,8,10,5
3decfcc2-8662-42c6-bb6b-66c665199740,Drew,Gooden,10,5,6-3,206,ROTATION,PG,4,2,11,7,8,7,6,13,6,6,9,11,11,9,8,10,5,5,9,8,9
893794ce-9fac-404e-9b33-bfd77e14aaaf,Elian,Ruez,24,5,7-0,263,BENCH,C,13,10,4,2,6,7,9,6,9,8,4,9,4,7,7,5,8,10,6,8,5
e4199d9e-3152-426b-925e-9ed9cfd01d10,Jerome,Howard,18,9,6-7,236,STARTER,F,11,14,12,9,8,17,20,8,17,20,20,15,9,7,10,13,19,15,14,16,12
79ccc7a3-3084-4e0d-8fab-728b6c253504,Jon,Christ,35,1,6-9,254,STARTER,C,14,10,12,14,12,7,6,8,6,6,9,6,11,9,8,8,7,10,9,6,13
0e686b5b-5ec9-43e3-ad7f-f32bc38f1818,Keith,Holdsworth,3,2,6-10,254,BENCH,FC,13,10,9,4,3,9,9,3,9,8,11,9,9,9,10,5,8,10,7,8,6
4d4abf6d-c113-45c8-b6e2-4c7ca4565fbb,Ken,Carr,,8,6-8,238,ROTATION,F,8,9,9,11,10,7,9,12,9,6,9,6,7,9,7,8,7,7,8,6,9
9420346a-6e75-4719-b1bc-576a59662d9f,Andre,Royal,,11,6-7,228,STARTER,SF,9,13,11,9,14,4,14,10,11,13,9,14,12,9,8,12,14,11,10,12,13
fc72bcd3-bf65-43d2-b0e3-4e0c366eab03,Brian,Williams,,7,6-9,248,STARTER,PF,14,10,11,9,8,9,9,8,9,8,9,9,11,9,5,10,8,11,9,7,9
1d82043a-5fc4-40cf-b69c-94e0a0b3814a,Dejuan,Wheat,,7,6-4,219,ROTATION,BG,9,10,6,9,8,8,13,10,13,8,9,6,9,7,8,5,9,9,7,7,8
ae341679-c24f-459a-bfb7-49de03f85ca2,Dennis,Okoye,,1,7-1,263,STARTER,C,16,16,6,7,8,11,9,6,4,10,9,9,9,4,10,10,11,12,8,9,7
822635f1-e8cd-4438-880c-464db8ffc12a,George,Masio,19,2,6-8,233,BENCH,PF,11,10,6,7,6,5,6,8,4,8,1,1,7,4,7,10,8,9,4,5,6
d349b7c0-7cd1-4198-8cc9-842e0c160219,Jamie,Hightower,,3,6-7,214,STARTER,PG,6,5,9,16,12,7,14,17,20,13,4,6,7,14,17,13,11,9,8,11,11
66a2bb4b-9cfd-444a-b9c1-b76997283e7d,Marion,Barry,36,5,6-7,242,BENCH,SF,9,5,6,11,6,5,9,8,9,8,4,6,9,9,10,8,7,8,5,7,6
33330b6d-50e6-47ec-8847-c6dd7d01d3ec,Rice,Allen,32,0,6-8,225,STARTER,F,8,7,12,15,14,10,17,13,16,10,15,9,14,11,20,15,11,10,11,11,15
d385c19f-651a-4a06-ae8c-2a81e4073702,Rico,Clark,,6,6-0,203,ROTATION,PG,4,2,11,9,8,7,6,13,15,8,9,11,7,9,10,8,6,5,9,9,9
2fb8c2d4-440a-4de4-b5ce-3648d3e32276,Rob,Carpentar,39,5,6-6,248,ROTATION,F,11,10,11,9,12,8,9,8,6,8,6,9,9,9,12,8,8,9,10,9,11
98864ae5-01c0-4b4b-8b8a-e9f019801e90,Cherokee,Whitebear,,0,7-1,279,ROTATION,C,16,15,9,7,10,12,14,3,13,12,11,11,1,9,12,8,15,14,10,11,10
3fdd3b02-f6e9-4c7f-84d7-78d3f13adc0a,Cory,Mckagan,,8,6-8,237,STARTER,F,11,10,12,13,12,12,17,10,16,15,14,11,9,9,14,8,14,13,11,13,14
f172e766-3210-45ce-919d-6de4beea9125,Jim,demasse,,6,6-4,211,STARTER,CG,8,7,15,15,14,10,9,16,11,10,11,14,12,14,7,12,9,8,14,11,15
ed7f39c1-9e57-42f9-9b27-83d5533fb75f,Lazarus,Spellman,,3,6-2,218,STARTER,CG,4,5,6,7,6,5,9,14,9,8,6,1,3,3,7,10,7,6,4,5,6
0a262d5e-363d-4620-8e09-a59230b8f5dd,Neal,Perrell,18,2,6-8,251,STARTER,C,13,14,9,7,3,9,9,8,14,6,9,9,7,7,5,8,8,10,7,7,6
994b66a2-b12f-4482-8d83-240fb67824fd,Paul,Parish,,1,6-8,249,BENCH,F,11,10,9,9,8,8,11,10,11,8,9,6,5,9,8,5,9,10,7,7,8
687726be-69b5-4ed0-ae59-383c70b9c5cf,Reggie,Brabeck,,1,6-10,261,ROTATION,FC,14,14,9,9,8,9,6,6,9,8,9,6,9,9,14,12,9,10,8,8,8
e9491739-953a-41e7-8075-26a83f2933f9,Ricky,Giles,28,7,6-4,215,ROTATION,WING,4,7,6,11,6,7,9,10,9,6,9,6,9,4,10,3,7,5,6,6,6
26a3e245-538a-4efc-88d0-c465dba310d7,Sedric,Rice,,7,6-11,251,STARTER,PF,13,10,9,7,6,13,17,8,17,16,14,12,12,4,2,13,14,14,10,11,8
23d0ecd8-8084-4c42-a97c-e75bf58766f2,Tony,barg,,9,6-7,238,ROTATION,SF,11,10,6,7,10,10,13,10,11,12,12,9,7,7,7,10,11,11,8,9,9
f4e41c5f-cff7-421a-971f-3cac121a6f25,Trent,Darby,,11,6-5,236,ROTATION,F,9,9,9,11,8,3,11,10,11,8,6,9,11,7,12,8,9,9,7,9,8
264a6dbb-f602-439c-8828-c19ea290adef,Anotnio,Montana,24,3,7-2,267,STARTER,C,14,16,11,9,10,14,14,6,13,15,14,12,12,12,5,10,17,14,11,11,11
8815c42d-ef2a-425b-ae6e-61f60e1f1348,Cory,McClone,27,1,6-2,225,STARTER,PG,8,5,15,13,14,6,6,14,6,6,6,9,7,9,12,14,5,7,11,8,15
55122190-4529-4136-bb59-4e4b80593e66,Dionne,Warrick,,2,6-7,237,STARTER,F,11,10,12,13,10,11,16,10,14,12,14,9,11,9,12,5,12,12,10,10,13
6f849ccd-2466-411c-a93e-f4098a596d80,Jermaine,Jackson,,9,6-4,229,ROTATION,BG,8,9,6,9,8,9,9,12,9,10,11,9,11,7,12,10,9,8,8,10,7
4edc9134-aead-4139-84bc-1306881a4e9d,Linus,Korzinski,11,10,6-8,244,BENCH,PF,11,12,11,7,3,6,4,3,6,6,4,4,5,3,7,5,7,8,6,5,7
0179d949-9feb-49be-a6dd-3aa407bbb546,Maceo,Baston,,11,6-8,245,ROTATION,FC,13,13,6,7,10,11,11,10,11,10,12,11,9,11,12,13,11,11,9,10,8
5999e653-b03a-460d-a077-1c94066f1304,Michael,Hayes,,1,6-7,226,STARTER,BG,11,9,9,9,12,8,13,12,13,12,6,6,9,9,12,12,11,11,8,9,11
7bd075c6-b284-4afd-ad84-7bd74242dc1f,Miles,Price,28,5,6-6,221,BENCH,WING,6,5,12,11,10,5,6,12,9,3,6,9,11,9,12,5,4,5,9,7,12
f7dcfd88-4e9b-4204-adbb-4e057428db58,Rob,Taylor,25,7,6-10,249,STARTER,PF,13,15,6,11,12,13,9,8,6,15,12,11,9,9,12,8,13,12,10,12,9
3e1b7b2f-baeb-4afa-9b8b-05ff47b55afc,Staci,Koons,17,0,6-10,226,ROTATION,SF,9,9,9,9,8,8,11,10,9,8,9,6,7,7,12,8,9,9,7,8,8
7dd520ed-e71a-4f23-834a-92fb9f25857a,Tony,Stewart,,2,6-1,224,ROTATION,PG,8,5,12,13,12,9,11,14,13,10,11,12,12,12,14,8,9,9,12,11,13
ed1c8952-8ae3-47f4-aae3-496507d2a93e,Andre,Hutson,,10,6-4,228,STARTER,BG,8,9,12,13,17,10,9,8,6,10,12,9,12,9,10,8,9,8,12,9,15
a181d094-c619-4bef-b04b-27ad0a116ffd,David,Benton,8,5,6-4,218,BENCH,BG,8,9,6,9,6,6,9,6,11,6,6,4,7,9,12,8,7,7,5,6,6
dde0b260-5d91-43c1-ba79-0e953f0568aa,David,Lidell,,2,6-8,263,BENCH,PF,14,12,4,4,6,9,11,8,9,10,9,6,7,4,8,8,10,12,6,8,5
9b2a36ae-567b-4dda-b9d9-a430d7fa0fe3,Elon,Everett,,9,6-0,219,STARTER,PG,6,5,6,4,12,5,6,16,9,6,6,4,3,7,8,8,5,6,6,5,9
04f8f4d2-d385-49a3-a7a6-912abb3f66f9,Isacc,haywood,,5,7-0,253,ROTATION,FC,14,12,6,7,12,7,4,6,4,6,4,6,5,4,10,8,7,9,7,6,9
b62cf415-4e77-420c-a667-31c2be8b9898,Koi,Demeter,32,12,6-7,223,STARTER,F,6,10,14,9,14,10,13,10,13,10,11,9,15,13,10,16,10,8,11,9,16
a2966249-5774-45bc-952d-93d4faa1e77a,Patrick,Manning,,5,6-6,245,STARTER,PF,11,9,9,7,6,9,6,8,9,10,9,9,7,4,5,8,8,9,8,8,7
9309db01-d9ed-45c1-93db-993977f162c7,Russ,Fenick,,0,6-2,214,ROTATION,PG,8,5,6,13,12,6,1,14,6,3,9,9,16,11,14,10,3,5,8,7,9
5da1610e-653b-450a-9860-d597d0e53501,Sean,Rooks,,10,6-10,270,STARTER,C,17,16,9,4,6,3,9,3,11,8,15,12,12,9,5,14,10,12,7,9,7
d8aed78f-da36-4db4-8cd7-c874def57848,Toby,Bailey,,5,6-8,227,ROTATION,SF,8,7,6,7,10,10,11,12,14,10,12,11,7,11,10,12,9,9,9,10,8
efc7db29-100d-48dc-8ff3-484308163c58,Brian,Mcelhenny,4,6,7-0,247,BENCH,FC,13,13,9,7,6,10,9,6,9,8,11,9,7,11,10,8,9,10,8,8,7
e7261f42-8b38-421c-a228-c73de8a063cd,Dennis,Woolridge,1,0,6-9,264,BENCH,PF,16,13,6,4,10,11,13,6,6,8,12,11,7,11,8,8,11,13,9,9,9
76fe0224-5746-45ee-9c83-f29e2f652b07,Jayson,Elam,,9,6-10,248,STARTER,F,11,9,18,15,14,10,17,13,16,8,12,11,17,12,19,18,10,11,13,11,18
e5916a55-00fd-44c2-83dc-54eb9baad84d,Jerry,Cantrell,36,2,6-9,237,ROTATION,SF,9,9,12,13,8,8,9,10,9,6,9,9,12,9,14,12,7,8,9,8,11
86503a6a-ccf7-4ae4-b3d6-7e7c2a3782f2,Meredith,Brock,,3,6-2,216,STARTER,PG,6,5,15,15,14,10,13,16,18,13,11,14,11,17,12,15,11,9,14,13,16
800519ae-af17-44b7-8d40-019790f1c41e,Neil,Reynolds,,1,6-10,236,ROTATION,PF,12,12,11,11,8,9,11,10,9,8,9,9,12,11,14,12,9,10,9,9,9
3f73243b-d326-4793-9f95-e33f4bbcfd6d,Paul,Stewart,22,7,6-6,216,STARTER,BG,8,9,12,15,14,10,9,12,9,10,12,12,15,11,8,10,9,8,13,10,14
809af0c7-e449-4df1-abce-69f2abfe2aa9,Sam,Spreewell,,7,6-10,247,STARTER,FC,14,12,11,11,10,10,6,3,6,10,9,12,12,4,8,8,9,11,10,10,10
9c426027-cdc9-4ebd-8430-8869f3434a77,Sidney,Wickes,21,4,6-8,227,ROTATION,SF,9,12,14,7,8,12,13,10,13,12,14,11,7,12,8,12,12,10,11,10,13
238fa31c-5df4-4ccf-86e8-1383cdb2936e,Steve,Diaz,,13,6-1,220,ROTATION,PG,6,5,12,7,10,4,9,16,11,10,11,12,11,9,10,10,8,7,10,10,12
2832109b-5a65-4b32-9234-a89cbb36dd30,Troy,Daugherty,,10,6-8,258,STARTER,PF,13,9,12,11,12,10,13,10,9,10,11,12,12,9,5,12,10,12,12,9,14
1fe1892a-ef98-4563-982b-425fe6b4fb62,Buck,O''Neil,,1,6-8,240,STARTER,F,12,13,14,14,10,14,13,10,13,15,15,14,15,14,10,15,15,13,14,13,14
4149df77-1751-40de-85fe-b2e8efaf8106,Chris,Chandler,,2,6-8,234,ROTATION,F,9,10,9,11,8,10,11,10,11,8,11,11,12,9,14,10,9,9,9,10,8
483b6d1f-64f6-4f6a-bbe7-88829fe26547,Ellie,Epstein,,5,6-1,209,STARTER,PG,6,5,12,11,10,7,11,16,13,10,9,6,9,12,7,13,9,8,8,7,12
36357377-4c82-4311-8219-c417483bfa22,Etan,Kersey,5,6,6-7,235,BENCH,PF,12,12,4,2,6,5,6,6,6,3,1,6,7,1,7,1,6,8,5,5,5
4498d805-0991-4c99-920a-a663fad248bd,Greg,Hill,40,6,6-1,200,BENCH,PG,4,2,11,9,8,4,9,13,13,6,6,4,11,3,16,3,5,5,6,7,9
443d3087-beda-49d2-968f-fa9421acc01d,Jon,Mendenhall,40,0,6-11,277,ROTATION,C,17,15,6,4,10,10,6,3,6,12,6,9,11,7,10,12,11,13,8,10,8
0e31ba91-b439-4bfd-a329-353d0349fcf9,Ken,Shamrock,,9,7-1,250,STARTER,FC,14,15,12,9,12,14,9,8,9,12,14,15,11,12,2,16,12,12,14,11,13
033f07cc-4825-427f-9ff9-0dcba066af1b,Marvin,Gregory,1,0,6-3,212,STARTER,BG,8,9,6,11,8,11,14,10,14,12,12,12,9,12,8,12,11,10,9,11,8
e3df8632-a9c5-45d3-b203-1a011c293296,Mike,Modano,,6,6-3,205,ROTATION,BG,6,7,12,7,8,8,9,10,6,8,11,9,11,11,8,8,8,7,9,8,11
6c090b45-adf1-42ca-9785-97c9442b88e2,Rashaan,Rauf,,1,6-6,249,ROTATION,PF,12,13,6,7,12,12,13,8,9,13,14,9,9,11,8,12,14,12,9,10,10
16d96fb3-c4ca-4055-a802-dabce173bdcb,Tyrone,Spears,,3,6-9,249,STARTER,PF,12,14,11,11,10,13,11,8,9,17,12,12,12,12,12,8,14,13,11,14,10
9ed34ff2-418b-4ded-ba08-22e74542da6f,Carlos,Rodgers,,9,6-9,252,ROTATION,PF,12,12,6,7,10,10,13,8,9,8,11,11,5,7,10,12,10,11,9,9,9
ddf713fe-d222-478a-9897-d2923fa0f0e6,Dan,Belcher,,6,6-5,222,BENCH,BG,8,5,9,13,8,6,9,12,6,6,9,6,9,7,12,8,6,7,7,7,8
4a638872-62db-4168-a57f-04d60c71f6c7,Graham,Ford,,2,6-10,245,ROTATION,SF,11,10,14,13,12,9,6,8,9,8,9,12,12,12,10,12,8,9,12,10,14
89cab2ff-c84b-4326-a456-0a2e5f2b60d1,Jarod,Walneye,,6,6-1,219,ROTATION,PG,8,7,12,13,10,8,11,12,9,6,9,11,12,12,12,12,7,8,10,9,12
9d708632-b8af-4b24-b7df-5416eaea4b44,Jayson,Gatson,,3,6-8,238,ROTATION,SF,9,7,11,9,10,7,11,8,11,8,9,6,9,9,10,8,8,9,8,7,10
2fbdb5a4-aca5-4226-8dd8-c2b5fe178999,Jerome,Kauffman,,10,6-7,242,STARTER,PF,12,16,12,9,15,16,13,10,13,15,15,18,16,12,10,10,16,13,16,15,15
3ab2afa2-c0aa-42b7-b3f2-c3a7af72506d,Mo,Peterson,,8,6-9,244,STARTER,F,11,9,9,13,6,8,11,10,9,8,6,12,12,9,8,12,9,10,8,9,7
8508f07e-2584-416b-b28c-e7a6af848f77,Robert,Brazille,,0,7-2,292,STARTER,C,18,17,9,11,6,14,9,6,14,15,14,12,11,14,2,13,14,15,10,11,7
df055c32-16eb-49ee-be62-1f147950fe63,Stephon,Battier,2,8,6-10,244,ROTATION,FC,13,10,12,11,10,12,13,12,11,12,14,12,12,7,16,5,11,12,12,12,13
464bce8d-4157-4853-a6f5-a6fa5a4808e3,Steve,Krass,3,8,6-2,215,STARTER,PG,4,5,16,15,12,11,13,16,16,13,11,17,15,15,14,10,11,8,16,14,16
1c46e3ab-e45f-426f-826e-1e57801b73b2,Terrell,Miller,,9,6-4,213,STARTER,BG,8,10,14,18,18,14,11,12,13,15,15,18,16,17,14,14,12,10,18,16,17
f5b82fef-7ae3-4931-a2b4-879320ec6731,Anthony,Slater,33,12,7-0,255,STARTER,C,13,17,14,11,8,4,6,6,6,12,6,12,12,11,12,17,11,11,10,12,12
c808f894-4b05-4451-8e1f-77d078bbc491,Brad,Mitchell,,6,6-7,221,BENCH,F,8,7,6,11,8,5,6,8,6,6,4,4,4,3,10,3,6,7,5,6,7
46ac4d78-9aab-452c-b744-8eff5ec471e4,Darrell,Jefferson,,12,6-10,260,STARTER,PF,16,14,14,17,15,15,20,13,14,15,18,16,16,18,19,18,17,16,17,16,16
f227f9f9-1c1a-48bd-9a3c-b871b3f46fac,Frank,Jones,,7,6-10,248,ROTATION,FC,12,10,11,7,10,10,9,10,11,12,11,9,9,11,7,10,10,11,10,9,10
64c3267b-a22e-4c25-8bb0-3927b06fe441,Ivan,Matuvuis,,10,6-11,245,ROTATION,FC,12,9,9,11,10,3,1,8,4,8,9,9,7,9,8,8,6,8,7,8,9
c6a99463-222c-49cc-b39c-cdc6f6c8ec5c,Jorge,Soto,,6,6-7,229,ROTATION,F,8,7,6,13,10,7,6,6,9,6,9,9,11,7,10,8,6,7,8,8,8
d850a3e2-c8b4-421c-84f0-4dabb0b0780a,Marcus,Brown,,10,6-0,214,STARTER,PG,6,7,16,11,15,10,13,16,13,8,9,16,15,16,12,16,9,8,16,12,17
7f9c3816-3f02-4ea6-b5cf-cbd19a0fcc46,Marion,Campbell,,3,6-4,222,BENCH,BG,6,5,6,7,3,5,9,10,6,6,6,4,11,4,10,3,6,6,4,6,4
8128d851-6676-4f88-8166-5e495605c360,Ron,Dane,,9,6-5,234,STARTER,F,11,10,15,17,15,11,16,12,14,10,11,14,16,13,16,15,11,12,14,12,17
ce5f4872-569e-4791-ae1f-b71b999b91af,Shanari,Young,,12,6-7,221,STARTER,BG,9,10,9,15,14,4,14,12,13,13,12,17,16,13,14,13,12,11,11,14,12
a02181fb-ae35-435b-8164-59b94dcec25a,Steve,Perl,,8,6-7,211,BENCH,PG,6,2,9,7,6,5,6,14,9,3,9,6,7,7,12,5,3,5,6,6,7
99c99d44-a83c-47e5-8610-78854a1d4e06,Anthony,Espinoza,,6,6-7,231,ROTATION,F,11,10,12,11,8,11,11,12,9,12,11,12,14,13,10,13,11,11,11,11,11
f6fe2bc3-4d87-40eb-a74c-fef56d91fe46,Chuck,Finley,27,7,6-3,211,STARTER,BG,8,7,9,14,10,8,6,13,6,10,6,9,9,11,10,10,8,8,9,9,9
d7f6a99d-8cdf-4d18-95ac-342291066136,Elijah,Bishop,,9,7-0,272,STARTER,C,17,15,9,9,8,14,11,8,6,16,14,12,12,12,7,13,14,15,10,12,8
08f6ddd0-a300-4ca6-a583-bd93e77ad389,Gregg,Kessler,12,7,6-10,254,ROTATION,FC,12,12,9,11,12,10,6,10,6,8,9,11,7,9,7,12,8,9,10,9,10
2e531c63-1c71-49d8-bbe9-88242ec0938a,Michael,Ray Richardson,,7,6-8,234,STARTER,SF,9,10,18,17,17,14,13,13,11,16,15,18,14,17,16,18,13,11,18,16,19
9fb10cf3-4da5-489f-bb34-571ff7163935,Mike,Augustine,,9,6-9,253,STARTER,PF,13,15,14,7,15,17,11,8,11,19,18,17,9,13,2,5,16,14,17,14,15
690522be-fc77-4ccc-9f58-9596a7140fc2,Randolph,Childress,,1,6-8,237,BENCH,F,9,9,9,7,8,8,9,10,6,8,9,9,7,9,8,8,8,8,8,8,8
577414f2-8974-4110-a05d-382fc1de8a6e,Seth,Hill,,5,6-5,232,STARTER,CG,11,12,12,13,12,11,11,12,11,12,11,11,14,14,12,12,11,11,11,11,13
120951bd-041a-49d6-a484-cd4ab89541cf,Terry,May,,8,6-3,225,ROTATION,PG,8,7,12,9,14,9,9,14,13,8,11,11,12,12,10,10,8,8,11,9,14
13a9878c-734e-4d9c-8cbb-e4da1a28acd8,Tim,Webber,8,8,6-11,252,ROTATION,FC,16,12,6,9,8,10,9,8,6,10,9,11,7,11,7,10,10,12,8,9,7
6b6457a5-f999-4675-8899-bddc03e9ddd2,Trumaine,Crowell,33,6,6-6,213,BENCH,BG,6,9,6,11,6,8,9,10,11,8,6,9,5,9,12,5,8,7,7,9,6
afab7a56-6c7a-46e0-9351-f26b98beead9,Brendan,Johnson,,8,6-1,214,STARTER,PG,8,5,18,11,15,11,11,16,11,13,11,15,15,17,10,15,10,10,16,13,17
24247196-0e4e-4adc-90c0-5dc3bd34fadb,Brett,Collier,15,5,6-7,226,ROTATION,SF,8,7,9,9,10,7,11,8,9,8,9,6,11,11,8,8,8,8,8,7,9
ac901bc8-198e-45f8-b104-3375a2ea72d8,Ed,Pickney,36,7,6-9,249,BENCH,FC,12,10,4,4,6,7,4,6,6,6,6,6,5,7,5,5,6,8,5,5,5
5244b14c-f1c2-4b77-b1a2-61b037deb391,Erik,Moss,,6,6-8,240,ROTATION,PF,13,13,6,7,6,11,11,8,9,12,11,11,7,11,7,12,12,12,8,10,6
ce039e6a-ebbd-42f9-8290-bf340233fbdf,Glyn,Milbyrn,,11,6-4,222,ROTATION,BG,8,7,6,7,6,10,11,10,13,12,12,12,5,7,7,10,10,9,8,11,6
9f787cc1-8947-4dda-be7a-22c1157e3500,Lou,Rahal,23,12,6-10,240,STARTER,PF,12,17,15,9,12,4,9,10,9,15,19,18,12,20,10,18,14,12,14,15,14
b930d146-c5fb-409f-b667-51ded0d97300,Odell,Hodges,15,9,6-10,235,STARTER,SF,9,9,11,11,12,9,14,10,11,10,9,9,11,9,14,5,10,10,10,10,12
346cb1c8-9be7-4138-b613-743a7af78330,Rashaan,Davis,39,10,6-5,238,STARTER,F,9,9,9,11,8,3,14,8,9,6,9,4,9,7,16,8,8,9,6,7,9
c2421244-9714-4b0d-8c05-a4dc4a1818e0,Steve,Messick,,0,6-11,262,ROTATION,C,12,12,6,9,8,8,4,8,6,8,6,9,12,11,10,10,8,9,7,8,7
a527f550-f808-4c82-816b-e13119f71ba7,Terry,Fair,,6,6-11,285,STARTER,C,18,16,14,15,12,14,13,8,9,12,15,14,15,14,12,18,15,15,14,12,15
